generation,candidate,score,mean_mse,std_mse,min_mse,max_mse,mean_energy,is_best
0,0,-0.457952618598938,0.457952618598938,0.0,0.457952618598938,0.457952618598938,0.2745257318019867,1
0,1,-0.28489282727241516,0.28489282727241516,1.5524883565376513e-06,0.2848917245864868,0.28489503264427185,0.25014960765838623,1
0,2,-0.457952618598938,0.457952618598938,0.0,0.457952618598938,0.457952618598938,0.2556368410587311,1
0,3,-0.2846592366695404,0.2846592366695404,6.780710464227013e-07,0.2846583127975464,0.2846599519252777,0.23892591893672943,1
0,4,-0.23661524057388306,0.23661524057388306,0.0,0.23661524057388306,0.23661524057388306,0.30970507860183716,1
0,5,-0.457952618598938,0.457952618598938,0.0,0.457952618598938,0.457952618598938,0.2945575416088104,1
0,6,-0.457952618598938,0.457952618598938,0.0,0.457952618598938,0.457952618598938,0.32101210951805115,1
0,7,-0.457952618598938,0.457952618598938,0.0,0.457952618598938,0.457952618598938,0.39901217818260193,1
1,0,-0.28656408190727234,0.28656408190727234,9.42432194506182e-08,0.2865639328956604,0.2865641415119171,0.27300140261650085,0
1,1,-0.11969248205423355,0.11969248205423355,0.0,0.11969248205423355,0.11969248205423355,0.31917235255241394,1
1,2,-0.2868099510669708,0.2868099510669708,7.500086951495177e-08,0.28680986166000366,0.286810040473938,0.29473865032196045,0
1,3,-0.457952618598938,0.457952618598938,0.0,0.457952618598938,0.457952618598938,0.3680073916912079,0
1,4,-0.457952618598938,0.457952618598938,0.0,0.457952618598938,0.457952618598938,0.19394494593143463,0
1,5,-0.457952618598938,0.457952618598938,0.0,0.457952618598938,0.457952618598938,0.30025818943977356,0
1,6,-0.457952618598938,0.457952618598938,0.0,0.457952618598938,0.457952618598938,0.35153746604919434,0
1,7,-0.457952618598938,0.457952618598938,0.0,0.457952618598938,0.457952618598938,0.22362880408763885,0
2,0,-0.11969251185655594,0.11969251185655594,0.0,0.11969251185655594,0.11969251185655594,0.297101765871048,0
2,1,-0.457952618598938,0.457952618598938,0.0,0.457952618598938,0.457952618598938,0.2817147374153137,0
2,2,-0.1824588030576706,0.1824588030576706,1.2532044593172031e-06,0.1824571192264557,0.18246012926101685,0.3328638970851898,0
2,3,-0.19425563514232635,0.19425563514232635,1.4901161193847656e-08,0.19425562024116516,0.19425562024116516,0.0694444328546524,0
2,4,-0.1941949725151062,0.1941949725151062,8.603189272093914e-09,0.1941949725151062,0.1941949874162674,0.25976020097732544,0
2,5,-0.457952618598938,0.457952618598938,0.0,0.457952618598938,0.457952618598938,0.3486606776714325,0
2,6,-0.11798369884490967,0.11798369884490967,8.603189272093914e-09,0.11798368394374847,0.11798369884490967,0.2840801179409027,1
2,7,-0.1950482726097107,0.1950482726097107,0.0,0.1950482726097107,0.1950482726097107,0.32768404483795166,0
3,0,-0.11324691027402878,0.11324691027402878,7.450580596923828e-09,0.11324690282344818,0.11324691772460938,0.2875122129917145,1
3,1,-0.457952618598938,0.457952618598938,0.0,0.457952618598938,0.457952618598938,0.2389642745256424,0
3,2,-0.2873828113079071,0.2873828113079071,4.064494874000957e-07,0.2873823642730713,0.2873833477497101,0.2985898554325104,0
3,3,-0.09730304032564163,0.09730304032564163,2.0038230275076785e-07,0.09730276465415955,0.09730321913957596,0.32701411843299866,1
3,4,-0.457952618598938,0.457952618598938,0.0,0.457952618598938,0.457952618598938,0.24794340133666992,0
3,5,-0.19419391453266144,0.19419391453266144,1.4901161193847656e-08,0.19419392943382263,0.19419392943382263,0.4006596803665161,0
3,6,-0.457952618598938,0.457952618598938,0.0,0.457952618598938,0.457952618598938,0.31131091713905334,0
3,7,-0.11919215321540833,0.11919215321540833,0.0,0.11919215321540833,0.11919215321540833,0.29585450887680054,0
4,0,-0.09817415475845337,0.09817415475845337,1.7531307605622715e-07,0.09817390143871307,0.09817429631948471,0.30891188979148865,0
4,1,-0.19505149126052856,0.19505149126052856,0.0,0.19505149126052856,0.19505149126052856,0.2674964964389801,0
4,2,-0.457952618598938,0.457952618598938,0.0,0.457952618598938,0.457952618598938,0.25252702832221985,0
4,3,-0.457952618598938,0.457952618598938,0.0,0.457952618598938,0.457952618598938,0.22931112349033356,0
4,4,-0.457952618598938,0.457952618598938,0.0,0.457952618598938,0.457952618598938,0.24234648048877716,0
4,5,-0.11969389766454697,0.11969389766454697,7.450580596923828e-09,0.11969389021396637,0.11969389021396637,0.2975650131702423,0
4,6,-0.14745905995368958,0.14745905995368958,0.0,0.14745905995368958,0.14745905995368958,0.3080599009990692,0
4,7,-0.11921408027410507,0.11921408027410507,7.450580596923828e-09,0.11921407282352448,0.11921407282352448,0.36891213059425354,0
5,0,-0.11817853897809982,0.11817853897809982,0.0,0.11817853897809982,0.11817853897809982,0.3366363048553467,0
5,1,-0.11969389766454697,0.11969389766454697,7.450580596923828e-09,0.11969389021396637,0.11969389021396637,0.3645000159740448,0
5,2,-0.457952618598938,0.457952618598938,0.0,0.457952618598938,0.457952618598938,0.35512229800224304,0
5,3,-0.457952618598938,0.457952618598938,0.0,0.457952618598938,0.457952618598938,0.33466553688049316,0
5,4,-0.11921270936727524,0.11921270936727524,0.0,0.11921270936727524,0.11921270936727524,0.26420924067497253,0
5,5,-0.457952618598938,0.457952618598938,0.0,0.457952618598938,0.457952618598938,0.3749200999736786,0
5,6,-0.457952618598938,0.457952618598938,0.0,0.457952618598938,0.457952618598938,0.28049328923225403,0
5,7,-0.457952618598938,0.457952618598938,0.0,0.457952618598938,0.457952618598938,0.3612930476665497,0
6,0,-0.11921343952417374,0.11921343952417374,7.450580596923828e-09,0.11921344697475433,0.11921344697475433,0.30355867743492126,0
6,1,-0.1950521022081375,0.1950521022081375,1.4901161193847656e-08,0.19505208730697632,0.1950521171092987,0.2550514042377472,0
6,2,-0.11921336501836777,0.11921336501836777,7.450580596923828e-09,0.11921335756778717,0.11921335756778717,0.30054882168769836,0
6,3,-0.11971497535705566,0.11971497535705566,8.603189272093914e-09,0.11971497535705566,0.11971499025821686,0.23967723548412323,0
6,4,-0.457952618598938,0.457952618598938,0.0,0.457952618598938,0.457952618598938,0.16632598638534546,0
6,5,-0.457952618598938,0.457952618598938,0.0,0.457952618598938,0.457952618598938,0.33577513694763184,0
6,6,-0.457952618598938,0.457952618598938,0.0,0.457952618598938,0.457952618598938,0.24176591634750366,0
6,7,-0.457952618598938,0.457952618598938,0.0,0.457952618598938,0.457952618598938,0.31938210129737854,0
7,0,-0.11921348422765732,0.11921348422765732,7.450580596923828e-09,0.11921347677707672,0.11921347677707672,0.3056377172470093,0
7,1,-0.457952618598938,0.457952618598938,0.0,0.457952618598938,0.457952618598938,0.2850225567817688,0
7,2,-0.11921339482069016,0.11921339482069016,0.0,0.11921339482069016,0.11921339482069016,0.3020399510860443,0
7,3,-0.1445469707250595,0.1445469707250595,1.2166747609398954e-08,0.14454695582389832,0.1445469856262207,0.29879316687583923,0
7,4,-0.20699983835220337,0.20699983835220337,5.196924917072465e-07,0.20699912309646606,0.20700033009052277,0.28528234362602234,0
7,5,-0.10160517692565918,0.10160517692565918,8.554617124900687e-06,0.10159417986869812,0.1016150414943695,0.23639744520187378,0
7,6,-0.2885066866874695,0.2885066866874695,2.7151207859787974e-07,0.2885064482688904,0.2885070741176605,0.36394283175468445,0
7,7,-0.457952618598938,0.457952618598938,0.0,0.457952618598938,0.457952618598938,0.2517656087875366,0
8,0,-0.11919176578521729,0.11919176578521729,0.0,0.11919176578521729,0.11919176578521729,0.2754432260990143,0
8,1,-0.457952618598938,0.457952618598938,0.0,0.457952618598938,0.457952618598938,0.23733043670654297,0
8,2,-0.19277042150497437,0.19277042150497437,1.4344382748276985e-07,0.19277027249336243,0.19277061522006989,0.23612761497497559,0
8,3,-0.11969390511512756,0.11969390511512756,0.0,0.11969390511512756,0.11969390511512756,0.3047809302806854,0
8,4,-0.457952618598938,0.457952618598938,0.0,0.457952618598938,0.457952618598938,0.1969890594482422,0
8,5,-0.457952618598938,0.457952618598938,0.0,0.457952618598938,0.457952618598938,0.29419293999671936,0
8,6,-0.1163659617304802,0.1163659617304802,1.2166747609398954e-08,0.116365946829319,0.11636597663164139,0.19724278151988983,0
8,7,-0.457952618598938,0.457952618598938,0.0,0.457952618598938,0.457952618598938,0.31369635462760925,0
9,0,-0.11625701189041138,0.11625701189041138,1.8750217378737943e-08,0.11625698953866959,0.11625703424215317,0.2313646674156189,0
9,1,-0.11163594573736191,0.11163594573736191,7.450580596923828e-09,0.11163593828678131,0.11163593828678131,0.2802206575870514,0
9,2,-0.1927780658006668,0.1927780658006668,0.0,0.1927780658006668,0.1927780658006668,0.2323146015405655,0
9,3,-0.11918869614601135,0.11918869614601135,0.0,0.11918869614601135,0.11918869614601135,0.1936214119195938,0
9,4,-0.457952618598938,0.457952618598938,0.0,0.457952618598938,0.457952618598938,0.21305690705776215,0
9,5,-0.11095448583364487,0.11095448583364487,4.301594636046957e-09,0.11095447838306427,0.11095448583364487,0.23111732304096222,0
9,6,-0.457952618598938,0.457952618598938,0.0,0.457952618598938,0.457952618598938,0.2874312102794647,0
9,7,-0.23726801574230194,0.23726801574230194,1.4901161193847656e-08,0.23726800084114075,0.23726800084114075,0.2511739730834961,0
10,0,-0.1108800396323204,0.1108800396323204,1.053671194739536e-08,0.11088002473115921,0.11088003218173981,0.25476130843162537,0
10,1,-0.15908396244049072,0.15908396244049072,4.987624606656027e-07,0.15908360481262207,0.15908466279506683,0.3046434819698334,0
10,2,-0.457952618598938,0.457952618598938,0.0,0.457952618598938,0.457952618598938,0.20196233689785004,0
10,3,-0.1590343862771988,0.1590343862771988,1.2317893549607106e-07,0.15903420746326447,0.15903447568416595,0.28849050402641296,0
10,4,-0.457952618598938,0.457952618598938,0.0,0.457952618598938,0.457952618598938,0.28208833932876587,0
10,5,-0.457952618598938,0.457952618598938,0.0,0.457952618598938,0.457952618598938,0.20902681350708008,0
10,6,-0.11919150501489639,0.11919150501489639,7.450580596923828e-09,0.11919151246547699,0.11919151246547699,0.2650214433670044,0
10,7,-0.457952618598938,0.457952618598938,0.0,0.457952618598938,0.457952618598938,0.20999139547348022,0
11,0,-0.1191914975643158,0.1191914975643158,0.0,0.1191914975643158,0.1191914975643158,0.2616908550262451,0
11,1,-0.1927803009748459,0.1927803009748459,1.4901161193847656e-08,0.1927802860736847,0.19278031587600708,0.28041091561317444,0
11,2,-0.457952618598938,0.457952618598938,0.0,0.457952618598938,0.457952618598938,0.23833410441875458,0
11,3,-0.457952618598938,0.457952618598938,0.0,0.457952618598938,0.457952618598938,0.2760953903198242,0
11,4,-0.1927817314863205,0.1927817314863205,8.603189272093914e-09,0.1927817165851593,0.1927817314863205,0.335423082113266,0
11,5,-0.19277866184711456,0.19277866184711456,1.2166747609398954e-08,0.19277866184711456,0.19277867674827576,0.24288785457611084,0
11,6,-0.457952618598938,0.457952618598938,0.0,0.457952618598938,0.457952618598938,0.22484970092773438,0
11,7,-0.457952618598938,0.457952618598938,0.0,0.457952618598938,0.457952618598938,0.29103779792785645,0
12,0,-0.19277913868427277,0.19277913868427277,1.4901161193847656e-08,0.19277915358543396,0.19277915358543396,0.25254306197166443,0
12,1,-0.29411008954048157,0.29411008954048157,5.296463314152788e-06,0.2941063344478607,0.2941175699234009,0.3139913082122803,0
12,2,-0.15904051065444946,0.15904051065444946,0.0,0.15904051065444946,0.15904051065444946,0.287380576133728,0
12,3,-0.11971373111009598,0.11971373111009598,0.0,0.11971373111009598,0.11971373111009598,0.2125566154718399,0
12,4,-0.457952618598938,0.457952618598938,0.0,0.457952618598938,0.457952618598938,0.2679300308227539,0
12,5,-0.11921169608831406,0.11921169608831406,7.450580596923828e-09,0.11921168863773346,0.11921168863773346,0.2300838679075241,0
12,6,-0.1260869950056076,0.1260869950056076,1.2166747609398954e-08,0.1260869801044464,0.1260869950056076,0.26718541979789734,0
12,7,-0.457952618598938,0.457952618598938,0.0,0.457952618598938,0.457952618598938,0.2707463204860687,0
13,0,-0.11971502751111984,0.11971502751111984,0.0,0.11971502751111984,0.11971502751111984,0.22338168323040009,0
13,1,-0.11829641461372375,0.11829641461372375,0.0,0.11829641461372375,0.11829641461372375,0.22172777354717255,0
13,2,-0.11940577626228333,0.11940577626228333,0.0,0.11940577626228333,0.11940577626228333,0.21691285073757172,0
13,3,-0.457952618598938,0.457952618598938,0.0,0.457952618598938,0.457952618598938,0.2301991730928421,0
13,4,-0.11626262217760086,0.11626262217760086,8.603189272093914e-09,0.11626262217760086,0.11626263707876205,0.22971023619174957,0
13,5,-0.11153215914964676,0.11153215914964676,0.0,0.11153215914964676,0.11153215914964676,0.22251109778881073,0
13,6,-0.19419723749160767,0.19419723749160767,8.603189272093914e-09,0.19419723749160767,0.19419725239276886,0.21017174422740936,0
13,7,-0.1896681934595108,0.1896681934595108,0.0,0.1896681934595108,0.1896681934595108,0.23646660149097443,0
14,0,-0.11919037252664566,0.11919037252664566,0.0,0.11919037252664566,0.11919037252664566,0.22817425429821014,0
14,1,-0.10397017747163773,0.10397017747163773,2.78775207362969e-08,0.10397014021873474,0.10397020727396011,0.21195876598358154,0
14,2,-0.457952618598938,0.457952618598938,0.0,0.457952618598938,0.457952618598938,0.21310468018054962,0
14,3,-0.457952618598938,0.457952618598938,0.0,0.457952618598938,0.457952618598938,0.20606529712677002,0
14,4,-0.457952618598938,0.457952618598938,0.0,0.457952618598938,0.457952618598938,0.22086220979690552,0
14,5,-0.11404881626367569,0.11404881626367569,7.450580596923828e-09,0.11404880881309509,0.11404882371425629,0.19734926521778107,0
14,6,-0.18891091644763947,0.18891091644763947,1.3070620070720906e-06,0.18890994787216187,0.1889127641916275,0.20028521120548248,0
14,7,-0.10075970739126205,0.10075970739126205,4.598857685778057e-06,0.10075615346431732,0.10076619684696198,0.2544512450695038,0
15,0,-0.0770634189248085,0.0770634189248085,1.9452532740160677e-07,0.07706324011087418,0.07706369459629059,0.24001963436603546,1
15,1,-0.457952618598938,0.457952618598938,0.0,0.457952618598938,0.457952618598938,0.22361575067043304,0
15,2,-0.19505123794078827,0.19505123794078827,8.603189272093914e-09,0.19505122303962708,0.19505123794078827,0.26761594414711,0
15,3,-0.19419698417186737,0.19419698417186737,2.107342389479072e-08,0.19419695436954498,0.19419696927070618,0.21587373316287994,0
15,4,-0.2857035994529724,0.2857035994529724,3.881935981553397e-07,0.28570306301116943,0.28570398688316345,0.2666519582271576,0
15,5,-0.11869066208600998,0.11869066208600998,1.4901161193847656e-08,0.11869064718484879,0.11869067698717117,0.23162442445755005,0
15,6,-0.457952618598938,0.457952618598938,0.0,0.457952618598938,0.457952618598938,0.2128162831068039,0
15,7,-0.1006598174571991,0.1006598174571991,3.3853114018711494e-06,0.1006554663181305,0.10066372156143188,0.2247287482023239,0
16,0,-0.10077676922082901,0.10077676922082901,3.226287844881881e-06,0.10077237337827682,0.10078001767396927,0.22266168892383575,0
16,1,-0.457952618598938,0.457952618598938,0.0,0.457952618598938,0.457952618598938,0.259700208902359,0
16,2,-0.18447250127792358,0.18447250127792358,0.0,0.18447250127792358,0.18447250127792358,0.2952210605144501,0
16,3,-0.457952618598938,0.457952618598938,0.0,0.457952618598938,0.457952618598938,0.246886745095253,0
16,4,-0.193633034825325,0.193633034825325,1.4901161193847656e-08,0.1936330497264862,0.1936330497264862,0.2702438533306122,0
16,5,-0.457952618598938,0.457952618598938,0.0,0.457952618598938,0.457952618598938,0.23121587932109833,0
16,6,-0.19505111873149872,0.19505111873149872,8.603189272093914e-09,0.19505110383033752,0.19505111873149872,0.2709953784942627,0
16,7,-0.13694313168525696,0.13694313168525696,0.0,0.13694313168525696,0.13694313168525696,0.24694037437438965,0
17,0,-0.15815946459770203,0.15815946459770203,0.0,0.15815946459770203,0.15815946459770203,0.24534039199352264,0
17,1,-0.11027387529611588,0.11027387529611588,4.301594636046957e-09,0.11027387529611588,0.11027388274669647,0.21700386703014374,0
17,2,-0.457952618598938,0.457952618598938,0.0,0.457952618598938,0.457952618598938,0.22338514029979706,0
17,3,-0.16241024434566498,0.16241024434566498,1.2166747609398954e-08,0.16241022944450378,0.16241025924682617,0.27193745970726013,0
17,4,-0.457952618598938,0.457952618598938,0.0,0.457952618598938,0.457952618598938,0.2384549230337143,0
17,5,-0.457952618598938,0.457952618598938,0.0,0.457952618598938,0.457952618598938,0.21116168797016144,0
17,6,-0.1970936506986618,0.1970936506986618,9.958911562080175e-08,0.19709351658821106,0.19709375500679016,0.26531922817230225,0
17,7,-0.457952618598938,0.457952618598938,0.0,0.457952618598938,0.457952618598938,0.25315067172050476,0
18,0,-0.11684717983007431,0.11684717983007431,7.450580596923828e-09,0.11684717237949371,0.11684717237949371,0.2320261150598526,0
18,1,-0.457952618598938,0.457952618598938,0.0,0.457952618598938,0.457952618598938,0.18286235630512238,0
18,2,-0.2849874496459961,0.2849874496459961,3.847463148076713e-08,0.2849874198436737,0.28498750925064087,0.25261247158050537,0
18,3,-0.11921008676290512,0.11921008676290512,0.0,0.11921008676290512,0.11921008676290512,0.19469325244426727,0
18,4,-0.18162448704242706,0.18162448704242706,1.0562670240688021e-06,0.18162305653095245,0.1816255748271942,0.27265846729278564,0
18,5,-0.11921270936727524,0.11921270936727524,0.0,0.11921270936727524,0.11921270936727524,0.2642434537410736,0
18,6,-0.11624947935342789,0.11624947935342789,0.0,0.11624947935342789,0.11624947935342789,0.23460645973682404,0
18,7,-0.15363730490207672,0.15363730490207672,8.603189272093914e-09,0.15363730490207672,0.15363731980323792,0.2495712786912918,0
19,0,-0.1162545382976532,0.1162545382976532,6.083373804699477e-09,0.1162545308470726,0.1162545382976532,0.23279523849487305,0
19,1,-0.457952618598938,0.457952618598938,0.0,0.457952618598938,0.457952618598938,0.18971723318099976,0
19,2,-0.457952618598938,0.457952618598938,0.0,0.457952618598938,0.457952618598938,0.2014065980911255,0
19,3,-0.11921072006225586,0.11921072006225586,0.0,0.11921072006225586,0.11921072006225586,0.20638179779052734,0
19,4,-0.193633034825325,0.193633034825325,0.0,0.193633034825325,0.193633034825325,0.2544948160648346,0
19,5,-0.457952618598938,0.457952618598938,0.0,0.457952618598938,0.457952618598938,0.1850714087486267,0
19,6,-0.457952618598938,0.457952618598938,0.0,0.457952618598938,0.457952618598938,0.2536948323249817,0
19,7,-0.457952618598938,0.457952618598938,0.0,0.457952618598938,0.457952618598938,0.19639717042446136,0
20,0,-0.11921130865812302,0.11921130865812302,7.450580596923828e-09,0.11921130120754242,0.11921131610870361,0.2201899290084839,0
20,1,-0.457952618598938,0.457952618598938,0.0,0.457952618598938,0.457952618598938,0.2109222412109375,0
20,2,-0.457952618598938,0.457952618598938,0.0,0.457952618598938,0.457952618598938,0.20198816061019897,0
20,3,-0.457952618598938,0.457952618598938,0.0,0.457952618598938,0.457952618598938,0.2032654732465744,0
20,4,-0.457952618598938,0.457952618598938,0.0,0.457952618598938,0.457952618598938,0.19414710998535156,0
20,5,-0.12839409708976746,0.12839409708976746,0.0,0.12839409708976746,0.12839409708976746,0.21949799358844757,0
20,6,-0.11736161261796951,0.11736161261796951,0.0,0.11736161261796951,0.11736161261796951,0.1990755796432495,0
20,7,-0.4673476219177246,0.4673476219177246,3.4412757088375656e-08,0.46734756231307983,0.4673476219177246,0.24566340446472168,0
21,0,-0.11869054287672043,0.11869054287672043,0.0,0.11869054287672043,0.11869054287672043,0.20990091562271118,0
21,1,-0.457952618598938,0.457952618598938,0.0,0.457952618598938,0.457952618598938,0.17708943784236908,0
21,2,-0.457952618598938,0.457952618598938,0.0,0.457952618598938,0.457952618598938,0.1844949722290039,0
21,3,-0.457952618598938,0.457952618598938,0.0,0.457952618598938,0.457952618598938,0.19651222229003906,0
21,4,-0.457952618598938,0.457952618598938,0.0,0.457952618598938,0.457952618598938,0.16685239970684052,0
21,5,-0.457952618598938,0.457952618598938,0.0,0.457952618598938,0.457952618598938,0.21371851861476898,0
21,6,-0.13341985642910004,0.13341985642910004,0.0,0.13341985642910004,0.13341985642910004,0.17081408202648163,0
21,7,-0.457952618598938,0.457952618598938,0.0,0.457952618598938,0.457952618598938,0.18829186260700226,0
22,0,-0.10894743353128433,0.10894743353128433,7.450580596923828e-09,0.10894744098186493,0.10894744098186493,0.18994055688381195,0
22,1,-0.457952618598938,0.457952618598938,0.0,0.457952618598938,0.457952618598938,0.15730075538158417,0
22,2,-0.457952618598938,0.457952618598938,0.0,0.457952618598938,0.457952618598938,0.1825466901063919,0
22,3,-0.457952618598938,0.457952618598938,0.0,0.457952618598938,0.457952618598938,0.16597813367843628,0
22,4,-0.457952618598938,0.457952618598938,0.0,0.457952618598938,0.457952618598938,0.18393991887569427,0
22,5,-0.2499484419822693,0.2499484419822693,3.0613027774961665e-05,0.24990564584732056,0.2499755471944809,0.17858731746673584,0
22,6,-0.20824289321899414,0.20824289321899414,4.480179268284701e-05,0.20817989110946655,0.20828014612197876,0.2060443013906479,0
22,7,-0.457952618598938,0.457952618598938,0.0,0.457952618598938,0.457952618598938,0.19323857128620148,0
23,0,-0.17104129493236542,0.17104129493236542,3.531501988618402e-07,0.1710408478975296,0.17104171216487885,0.1998775750398636,0
23,1,-0.11969389766454697,0.11969389766454697,7.450580596923828e-09,0.11969389021396637,0.11969389021396637,0.17175036668777466,0
23,2,-0.457952618598938,0.457952618598938,0.0,0.457952618598938,0.457952618598938,0.15745167434215546,0
23,3,-0.11709051579236984,0.11709051579236984,0.0,0.11709051579236984,0.11709051579236984,0.19608278572559357,0
23,4,-0.457952618598938,0.457952618598938,0.0,0.457952618598938,0.457952618598938,0.1957813948392868,0
23,5,-0.17632843554019928,0.17632843554019928,2.6632255867298227e-06,0.17632555961608887,0.17633198201656342,0.18722283840179443,0
23,6,-0.11353235691785812,0.11353235691785812,0.0,0.11353235691785812,0.11353235691785812,0.18100528419017792,0
23,7,-0.457952618598938,0.457952618598938,0.0,0.457952618598938,0.457952618598938,0.18652677536010742,0
24,0,-0.12320663779973984,0.12320663779973984,7.450580596923828e-09,0.12320663034915924,0.12320663034915924,0.18843190371990204,0
24,1,-0.09403100609779358,0.09403100609779358,6.083373804699477e-09,0.09403100609779358,0.09403101354837418,0.18807725608348846,0
24,2,-0.17776362597942352,0.17776362597942352,2.283867388541694e-06,0.1777612268924713,0.17776669561862946,0.20446746051311493,0
24,3,-0.22784201800823212,0.22784201800823212,3.8236989894357976e-06,0.22783660888671875,0.22784502804279327,0.17718826234340668,0
24,4,-0.46706509590148926,0.46706509590148926,3.361767085152678e-06,0.46706193685531616,0.46706974506378174,0.17850513756275177,0
24,5,-0.19277691841125488,0.19277691841125488,0.0,0.19277691841125488,0.19277691841125488,0.21689222753047943,0
24,6,-0.457952618598938,0.457952618598938,0.0,0.457952618598938,0.457952618598938,0.18293209373950958,0
24,7,-0.1598641276359558,0.1598641276359558,8.603189272093914e-09,0.1598641276359558,0.159864142537117,0.20183098316192627,0
25,0,-0.09635072946548462,0.09635072946548462,6.083373804699477e-09,0.09635072201490402,0.09635072946548462,0.1883537769317627,0
25,1,-0.11969390511512756,0.11969390511512756,0.0,0.11969390511512756,0.11969390511512756,0.1940792202949524,0
25,2,-0.11636104434728622,0.11636104434728622,7.450580596923828e-09,0.11636103689670563,0.11636103689670563,0.20035000145435333,0
25,3,-0.2793024778366089,0.2793024778366089,0.0,0.2793024778366089,0.2793024778366089,0.18617236614227295,0
25,4,-0.457952618598938,0.457952618598938,0.0,0.457952618598938,0.457952618598938,0.20876483619213104,0
25,5,-0.11646905541419983,0.11646905541419983,6.083373804699477e-09,0.11646905541419983,0.11646906286478043,0.17711752653121948,0
25,6,-0.11862751096487045,0.11862751096487045,0.0,0.11862751096487045,0.11862751096487045,0.19119501113891602,0
25,7,-0.19363301992416382,0.19363301992416382,0.0,0.19363301992416382,0.19363301992416382,0.19065576791763306,0
26,0,-0.10932466387748718,0.10932466387748718,4.301594636046957e-09,0.10932465642690659,0.10932466387748718,0.19411738216876984,0
26,1,-0.457952618598938,0.457952618598938,0.0,0.457952618598938,0.457952618598938,0.191844180226326,0
26,2,-0.12238212674856186,0.12238212674856186,0.0,0.12238212674856186,0.12238212674856186,0.20432741940021515,0
26,3,-0.457952618598938,0.457952618598938,0.0,0.457952618598938,0.457952618598938,0.16119177639484406,0
26,4,-0.27896633744239807,0.27896633744239807,0.0,0.27896633744239807,0.27896633744239807,0.18361981213092804,0
26,5,-0.457952618598938,0.457952618598938,0.0,0.457952618598938,0.457952618598938,0.18467135727405548,0
26,6,-0.457952618598938,0.457952618598938,0.0,0.457952618598938,0.457952618598938,0.1598268300294876,0
26,7,-0.13736112415790558,0.13736112415790558,1.2166747609398954e-08,0.13736112415790558,0.13736113905906677,0.18828584253787994,0
27,0,-0.11122841387987137,0.11122841387987137,0.0,0.11122841387987137,0.11122841387987137,0.19897913932800293,0
27,1,-0.16001668572425842,0.16001668572425842,8.603189272093914e-09,0.16001667082309723,0.16001668572425842,0.19427601993083954,0
27,2,-0.11223980784416199,0.11223980784416199,0.0,0.11223980784416199,0.11223980784416199,0.2066127508878708,0
27,3,-0.3980596959590912,0.3980596959590912,0.00014672886754851788,0.39787712693214417,0.39823639392852783,0.1776900440454483,0
27,4,-0.457952618598938,0.457952618598938,0.0,0.457952618598938,0.457952618598938,0.19207000732421875,0
27,5,-0.18357376754283905,0.18357376754283905,2.442457400775311e-07,0.18357345461845398,0.18357405066490173,0.19812875986099243,0
27,6,-0.457952618598938,0.457952618598938,0.0,0.457952618598938,0.457952618598938,0.18731653690338135,0
27,7,-0.11643251031637192,0.11643251031637192,0.0,0.11643251031637192,0.11643251031637192,0.18412946164608002,0
28,0,-0.18704600632190704,0.18704600632190704,2.107342389479072e-08,0.18704599142074585,0.18704603612422943,0.20275558531284332,0
28,1,-0.457952618598938,0.457952618598938,0.0,0.457952618598938,0.457952618598938,0.18333089351654053,0
28,2,-0.1173665001988411,0.1173665001988411,0.0,0.1173665001988411,0.1173665001988411,0.19610457122325897,0
28,3,-0.16024872660636902,0.16024872660636902,0.0,0.16024872660636902,0.16024872660636902,0.18436779081821442,0
28,4,-0.18173392117023468,0.18173392117023468,9.846800708146475e-08,0.18173381686210632,0.18173405528068542,0.1971212476491928,0
28,5,-0.457952618598938,0.457952618598938,0.0,0.457952618598938,0.457952618598938,0.18597720563411713,0
28,6,-0.4501579999923706,0.4501579999923706,0.0011496890801936388,0.4485321044921875,0.45097196102142334,0.20673322677612305,0
28,7,-0.16173414885997772,0.16173414885997772,1.2166747609398954e-08,0.16173413395881653,0.16173414885997772,0.2118964046239853,0
29,0,-0.18320898711681366,0.18320898711681366,0.0,0.18320898711681366,0.18320898711681366,0.18997852504253387,0
29,1,-0.457952618598938,0.457952618598938,0.0,0.457952618598938,0.457952618598938,0.17246456444263458,0
29,2,-0.12765005230903625,0.12765005230903625,0.0,0.12765005230903625,0.12765005230903625,0.19823504984378815,0
29,3,-0.457952618598938,0.457952618598938,0.0,0.457952618598938,0.457952618598938,0.17806299030780792,0
29,4,-0.457952618598938,0.457952618598938,0.0,0.457952618598938,0.457952618598938,0.17736606299877167,0
29,5,-0.457952618598938,0.457952618598938,0.0,0.457952618598938,0.457952618598938,0.17951665818691254,0
29,6,-0.1950617879629135,0.1950617879629135,8.603189272093914e-09,0.19506177306175232,0.1950617879629135,0.18132711946964264,0
29,7,-0.10463124513626099,0.10463124513626099,4.2309720811317675e-06,0.10462582856416702,0.10463615506887436,0.1904372125864029,0
