generation,candidate,score,mean_wake_mse,std_wake_mse,mean_drag,mean_energy,is_best
0,0,-0.04533221200108528,0.04533221200108528,0.0,0.0,0.09132960438728333,1
0,1,-0.04642653092741966,0.04642653092741966,0.0,0.0,0.09853365272283554,1
0,2,-0.04642653092741966,0.04642653092741966,0.0,0.0,0.08052262663841248,1
0,3,-0.04642653092741966,0.04642653092741966,0.0,0.0,0.095218725502491,1
0,4,-0.04401613399386406,0.04401613399386406,3.725290298461914e-09,0.0,0.0785476341843605,1
0,5,-0.04642653092741966,0.04642653092741966,0.0,0.0,0.08924653381109238,1
0,6,-0.04401613399386406,0.04401613399386406,3.725290298461914e-09,0.0,0.09465567022562027,1
0,7,-0.04401613399386406,0.04401613399386406,3.725290298461914e-09,0.0,0.1070527732372284,1
0,8,-0.04401613399386406,0.04401613399386406,3.725290298461914e-09,0.0,0.09056639671325684,1
0,9,-0.04401613399386406,0.04401613399386406,3.725290298461914e-09,0.0,0.08963242173194885,1
1,0,-0.04401613399386406,0.04401613399386406,3.725290298461914e-09,0.0,0.09113254398107529,0
1,1,-0.04401613399386406,0.04401613399386406,3.725290298461914e-09,0.0,0.0694444328546524,0
1,2,-0.04401613399386406,0.04401613399386406,3.725290298461914e-09,0.0,0.10764048248529434,0
1,3,-0.04401613399386406,0.04401613399386406,3.725290298461914e-09,0.0,0.08609416335821152,0
1,4,-0.04642653092741966,0.04642653092741966,0.0,0.0,0.09557860344648361,0
1,5,-0.04642653092741966,0.04642653092741966,0.0,0.0,0.08147387951612473,0
1,6,-0.04642653092741966,0.04642653092741966,0.0,0.0,0.08557984977960587,0
1,7,-0.04401613399386406,0.04401613399386406,3.725290298461914e-09,0.0,0.10187768936157227,0
1,8,-0.04401613399386406,0.04401613399386406,3.725290298461914e-09,0.0,0.11200237274169922,0
1,9,-0.04401613399386406,0.04401613399386406,3.725290298461914e-09,0.0,0.08523685485124588,0
2,0,-0.04401613399386406,0.04401613399386406,3.725290298461914e-09,0.0,0.08994534611701965,0
2,1,-0.04407942667603493,0.04407942667603493,0.0,0.0,0.10839243978261948,0
2,2,-0.04401613399386406,0.04401613399386406,3.725290298461914e-09,0.0,0.09758517146110535,0
2,3,-0.04642653092741966,0.04642653092741966,0.0,0.0,0.0694444328546524,0
2,4,-0.04642653092741966,0.04642653092741966,0.0,0.0,0.09525833278894424,0
2,5,-0.04642653092741966,0.04642653092741966,0.0,0.0,0.09590157866477966,0
2,6,-0.04401613399386406,0.04401613399386406,3.725290298461914e-09,0.0,0.0694444328546524,0
2,7,-0.04642653092741966,0.04642653092741966,0.0,0.0,0.09045585989952087,0
2,8,-0.04642653092741966,0.04642653092741966,0.0,0.0,0.09157756716012955,0
2,9,-0.04642653092741966,0.04642653092741966,0.0,0.0,0.08649340271949768,0
3,0,-0.04401613399386406,0.04401613399386406,3.725290298461914e-09,0.0,0.09262773394584656,0
3,1,-0.04642653092741966,0.04642653092741966,0.0,0.0,0.08689060062170029,0
3,2,-0.04401613399386406,0.04401613399386406,3.725290298461914e-09,0.0,0.0694444328546524,0
3,3,-0.04401613399386406,0.04401613399386406,3.725290298461914e-09,0.0,0.09672052413225174,0
3,4,-0.04642653092741966,0.04642653092741966,0.0,0.0,0.08684581518173218,0
3,5,-0.04401613399386406,0.04401613399386406,3.725290298461914e-09,0.0,0.10629996657371521,0
3,6,-0.04401613399386406,0.04401613399386406,3.725290298461914e-09,0.0,0.09367132931947708,0
3,7,-0.04642653092741966,0.04642653092741966,0.0,0.0,0.08315624296665192,0
3,8,-0.04642653092741966,0.04642653092741966,0.0,0.0,0.10544512420892715,0
3,9,-0.04642653092741966,0.04642653092741966,0.0,0.0,0.10877854377031326,0
4,0,-0.04401613399386406,0.04401613399386406,3.725290298461914e-09,0.0,0.09238311648368835,0
4,1,-0.04642653092741966,0.04642653092741966,0.0,0.0,0.08870557695627213,0
4,2,-0.0461406446993351,0.0461406446993351,0.0,0.0,0.099488765001297,0
4,3,-0.04642653092741966,0.04642653092741966,0.0,0.0,0.08521781116724014,0
4,4,-0.04642653092741966,0.04642653092741966,0.0,0.0,0.09586472064256668,0
4,5,-0.04642653092741966,0.04642653092741966,0.0,0.0,0.0814635381102562,0
4,6,-0.04401613399386406,0.04401613399386406,3.725290298461914e-09,0.0,0.10431089252233505,0
4,7,-0.04401613399386406,0.04401613399386406,3.725290298461914e-09,0.0,0.09869109839200974,0
4,8,-0.04401613399386406,0.04401613399386406,3.725290298461914e-09,0.0,0.0694444328546524,0
4,9,-0.04642653092741966,0.04642653092741966,0.0,0.0,0.10384643822908401,0
5,0,-0.04401613399386406,0.04401613399386406,3.725290298461914e-09,0.0,0.10743897408246994,0
5,1,-0.04401613399386406,0.04401613399386406,3.725290298461914e-09,0.0,0.09969285130500793,0
5,2,-0.04401613399386406,0.04401613399386406,3.725290298461914e-09,0.0,0.10789986699819565,0
5,3,-0.04642653092741966,0.04642653092741966,0.0,0.0,0.08772163838148117,0
5,4,-0.04642653092741966,0.04642653092741966,0.0,0.0,0.10700776427984238,0
5,5,-0.04401613399386406,0.04401613399386406,3.725290298461914e-09,0.0,0.09743078798055649,0
5,6,-0.04401613399386406,0.04401613399386406,3.725290298461914e-09,0.0,0.10692057758569717,0
5,7,-0.04642653092741966,0.04642653092741966,0.0,0.0,0.09895124286413193,0
5,8,-0.04401613399386406,0.04401613399386406,3.725290298461914e-09,0.0,0.10695437341928482,0
5,9,-0.04401613399386406,0.04401613399386406,3.725290298461914e-09,0.0,0.11300399154424667,0
6,0,-0.04401613399386406,0.04401613399386406,3.725290298461914e-09,0.0,0.10514263063669205,0
6,1,-0.04642653092741966,0.04642653092741966,0.0,0.0,0.09387924522161484,0
6,2,-0.04642653092741966,0.04642653092741966,0.0,0.0,0.09682048112154007,0
6,3,-0.04642653092741966,0.04642653092741966,0.0,0.0,0.1034592017531395,0
6,4,-0.04401613399386406,0.04401613399386406,3.725290298461914e-09,0.0,0.10185357928276062,0
6,5,-0.04642653092741966,0.04642653092741966,0.0,0.0,0.08727157115936279,0
6,6,-0.04401613399386406,0.04401613399386406,3.725290298461914e-09,0.0,0.09782081097364426,0
6,7,-0.04401613399386406,0.04401613399386406,3.725290298461914e-09,0.0,0.10092159360647202,0
6,8,-0.04401613399386406,0.04401613399386406,3.725290298461914e-09,0.0,0.09243027120828629,0
6,9,-0.04401613399386406,0.04401613399386406,3.725290298461914e-09,0.0,0.09492620080709457,0
7,0,-0.04401613399386406,0.04401613399386406,3.725290298461914e-09,0.0,0.10189836472272873,0
7,1,-0.04407850280404091,0.04407850280404091,0.0,0.0,0.10589197278022766,0
7,2,-0.04642653092741966,0.04642653092741966,0.0,0.0,0.09340723603963852,0
7,3,-0.04401613399386406,0.04401613399386406,3.725290298461914e-09,0.0,0.08913251012563705,0
7,4,-0.04642653092741966,0.04642653092741966,0.0,0.0,0.09587959200143814,0
7,5,-0.04642653092741966,0.04642653092741966,0.0,0.0,0.09591325372457504,0
7,6,-0.04642653092741966,0.04642653092741966,0.0,0.0,0.0694444328546524,0
7,7,-0.04401613399386406,0.04401613399386406,3.725290298461914e-09,0.0,0.09652260690927505,0
7,8,-0.04642653092741966,0.04642653092741966,0.0,0.0,0.09979897737503052,0
7,9,-0.04401613399386406,0.04401613399386406,3.725290298461914e-09,0.0,0.10441663861274719,0
8,0,-0.04401613399386406,0.04401613399386406,3.725290298461914e-09,0.0,0.09752907603979111,0
8,1,-0.04642653092741966,0.04642653092741966,0.0,0.0,0.09320899844169617,0
8,2,-0.04485589638352394,0.04485589638352394,0.0,0.0,0.0904172882437706,0
8,3,-0.04401613399386406,0.04401613399386406,3.725290298461914e-09,0.0,0.09710987657308578,0
8,4,-0.04401613399386406,0.04401613399386406,3.725290298461914e-09,0.0,0.09731102734804153,0
8,5,-0.04642653092741966,0.04642653092741966,0.0,0.0,0.08511483669281006,0
8,6,-0.04401613399386406,0.04401613399386406,3.725290298461914e-09,0.0,0.09105505794286728,0
8,7,-0.04642653092741966,0.04642653092741966,0.0,0.0,0.09629514813423157,0
8,8,-0.04642653092741966,0.04642653092741966,0.0,0.0,0.08993222564458847,0
8,9,-0.04401613399386406,0.04401613399386406,3.725290298461914e-09,0.0,0.10190040618181229,0
9,0,-0.04401613399386406,0.04401613399386406,3.725290298461914e-09,0.0,0.09746723622083664,0
9,1,-0.04401613399386406,0.04401613399386406,3.725290298461914e-09,0.0,0.09160857647657394,0
9,2,-0.044876743108034134,0.044876743108034134,0.0,0.0,0.09141496568918228,0
9,3,-0.04401613399386406,0.04401613399386406,3.725290298461914e-09,0.0,0.0940583124756813,0
9,4,-0.04642653092741966,0.04642653092741966,0.0,0.0,0.092702716588974,0
9,5,-0.04401613399386406,0.04401613399386406,3.725290298461914e-09,0.0,0.0901607871055603,0
9,6,-0.04401613399386406,0.04401613399386406,3.725290298461914e-09,0.0,0.09212357550859451,0
9,7,-0.04642653092741966,0.04642653092741966,0.0,0.0,0.08469786494970322,0
9,8,-0.04642653092741966,0.04642653092741966,0.0,0.0,0.09754999727010727,0
9,9,-0.04401613399386406,0.04401613399386406,3.725290298461914e-09,0.0,0.09111049771308899,0
10,0,-0.04401613399386406,0.04401613399386406,3.725290298461914e-09,0.0,0.0947130098938942,0
10,1,-0.04401613399386406,0.04401613399386406,3.725290298461914e-09,0.0,0.09760573506355286,0
10,2,-0.04642653092741966,0.04642653092741966,0.0,0.0,0.08824023604393005,0
10,3,-0.04401613399386406,0.04401613399386406,3.725290298461914e-09,0.0,0.09183865040540695,0
10,4,-0.04401613399386406,0.04401613399386406,3.725290298461914e-09,0.0,0.09122917801141739,0
10,5,-0.04475808143615723,0.04475808143615723,0.0,0.0,0.09422919154167175,0
10,6,-0.04642653092741966,0.04642653092741966,0.0,0.0,0.09269668906927109,0
10,7,-0.04642653092741966,0.04642653092741966,0.0,0.0,0.09096137434244156,0
10,8,-0.04401613399386406,0.04401613399386406,3.725290298461914e-09,0.0,0.09688961505889893,0
10,9,-0.04401613399386406,0.04401613399386406,3.725290298461914e-09,0.0,0.0978010967373848,0
11,0,-0.04401613399386406,0.04401613399386406,3.725290298461914e-09,0.0,0.09505445510149002,0
11,1,-0.04401613399386406,0.04401613399386406,3.725290298461914e-09,0.0,0.09653190523386002,0
11,2,-0.04449865594506264,0.04449865594506264,0.0,0.0,0.08979850262403488,0
11,3,-0.04642653092741966,0.04642653092741966,0.0,0.0,0.08925167471170425,0
11,4,-0.04401613399386406,0.04401613399386406,3.725290298461914e-09,0.0,0.09693574905395508,0
11,5,-0.04642653092741966,0.04642653092741966,0.0,0.0,0.09767427295446396,0
11,6,-0.04642653092741966,0.04642653092741966,0.0,0.0,0.08864595741033554,0
11,7,-0.04642653092741966,0.04642653092741966,0.0,0.0,0.09319768100976944,0
11,8,-0.04401613399386406,0.04401613399386406,3.725290298461914e-09,0.0,0.0939454510807991,0
11,9,-0.04401613399386406,0.04401613399386406,3.725290298461914e-09,0.0,0.09840164333581924,0
12,0,-0.04401613399386406,0.04401613399386406,3.725290298461914e-09,0.0,0.09670326858758926,0
12,1,-0.04401613399386406,0.04401613399386406,3.725290298461914e-09,0.0,0.09540820121765137,0
12,2,-0.04401613399386406,0.04401613399386406,3.725290298461914e-09,0.0,0.09981266409158707,0
12,3,-0.04642653092741966,0.04642653092741966,0.0,0.0,0.09319239109754562,0
12,4,-0.04642653092741966,0.04642653092741966,0.0,0.0,0.09328802675008774,0
12,5,-0.04642653092741966,0.04642653092741966,0.0,0.0,0.09632854908704758,0
12,6,-0.04401613399386406,0.04401613399386406,3.725290298461914e-09,0.0,0.0907214879989624,0
12,7,-0.044334497302770615,0.044334497302770615,0.0,0.0,0.09253314882516861,0
12,8,-0.04642653092741966,0.04642653092741966,0.0,0.0,0.09817013144493103,0
12,9,-0.04401613399386406,0.04401613399386406,3.725290298461914e-09,0.0,0.09863205999135971,0
13,0,-0.04401613399386406,0.04401613399386406,3.725290298461914e-09,0.0,0.09729877859354019,0
13,1,-0.0440596342086792,0.0440596342086792,0.0,0.0,0.09468388557434082,0
13,2,-0.04424482211470604,0.04424482211470604,0.0,0.0,0.09496989846229553,0
13,3,-0.04401613399386406,0.04401613399386406,3.725290298461914e-09,0.0,0.09447697550058365,0
13,4,-0.04401613399386406,0.04401613399386406,3.725290298461914e-09,0.0,0.10091877728700638,0
13,5,-0.04401613399386406,0.04401613399386406,3.725290298461914e-09,0.0,0.09844470769166946,0
13,6,-0.04642653092741966,0.04642653092741966,0.0,0.0,0.08734336495399475,0
13,7,-0.04642653092741966,0.04642653092741966,0.0,0.0,0.09346362948417664,0
13,8,-0.044908832758665085,0.044908832758665085,3.725290298461914e-09,0.0,0.09289822727441788,0
13,9,-0.04401613399386406,0.04401613399386406,3.725290298461914e-09,0.0,0.09683212637901306,0
14,0,-0.04401613399386406,0.04401613399386406,3.725290298461914e-09,0.0,0.09752089530229568,0
14,1,-0.04642653092741966,0.04642653092741966,0.0,0.0,0.09417393803596497,0
14,2,-0.04642653092741966,0.04642653092741966,0.0,0.0,0.0963614284992218,0
14,3,-0.04401613399386406,0.04401613399386406,3.725290298461914e-09,0.0,0.09268756955862045,0
14,4,-0.04642653092741966,0.04642653092741966,0.0,0.0,0.09557405859231949,0
14,5,-0.04642653092741966,0.04642653092741966,0.0,0.0,0.09434035420417786,0
14,6,-0.04401613399386406,0.04401613399386406,3.725290298461914e-09,0.0,0.0977415069937706,0
14,7,-0.04401613399386406,0.04401613399386406,3.725290298461914e-09,0.0,0.09256100654602051,0
14,8,-0.04401613399386406,0.04401613399386406,3.725290298461914e-09,0.0,0.09532728791236877,0
14,9,-0.04642653092741966,0.04642653092741966,0.0,0.0,0.09194323420524597,0
15,0,-0.04401613399386406,0.04401613399386406,3.725290298461914e-09,0.0,0.09595485776662827,0
15,1,-0.04520540311932564,0.04520540311932564,0.0,0.0,0.08888140320777893,0
15,2,-0.04642653092741966,0.04642653092741966,0.0,0.0,0.09292133897542953,0
15,3,-0.04544826224446297,0.04544826224446297,3.725290298461914e-09,0.0,0.09379202872514725,0
15,4,-0.044177230447530746,0.044177230447530746,0.0,0.0,0.0905192419886589,0
15,5,-0.04642653092741966,0.04642653092741966,0.0,0.0,0.09424334764480591,0
15,6,-0.04401613399386406,0.04401613399386406,3.725290298461914e-09,0.0,0.09264782071113586,0
15,7,-0.04401613399386406,0.04401613399386406,3.725290298461914e-09,0.0,0.09160622954368591,0
15,8,-0.04401613399386406,0.04401613399386406,3.725290298461914e-09,0.0,0.0973125472664833,0
15,9,-0.04412473365664482,0.04412473365664482,0.0,0.0,0.09415716677904129,0
16,0,-0.04401613399386406,0.04401613399386406,3.725290298461914e-09,0.0,0.09345424175262451,0
16,1,-0.04401613399386406,0.04401613399386406,3.725290298461914e-09,0.0,0.09093233197927475,0
16,2,-0.04601414129137993,0.04601414129137993,3.725290298461914e-09,0.0,0.08771064132452011,0
16,3,-0.04401613399386406,0.04401613399386406,3.725290298461914e-09,0.0,0.09012026339769363,0
16,4,-0.04401613399386406,0.04401613399386406,3.725290298461914e-09,0.0,0.09366557002067566,0
16,5,-0.04642653092741966,0.04642653092741966,0.0,0.0,0.09065252542495728,0
16,6,-0.04401613399386406,0.04401613399386406,3.725290298461914e-09,0.0,0.09321903437376022,0
16,7,-0.04401613399386406,0.04401613399386406,3.725290298461914e-09,0.0,0.09019962698221207,0
16,8,-0.04642653092741966,0.04642653092741966,0.0,0.0,0.09024982899427414,0
16,9,-0.044245779514312744,0.044245779514312744,0.0,0.0,0.09252580255270004,0
17,0,-0.04401613399386406,0.04401613399386406,3.725290298461914e-09,0.0,0.09158145636320114,0
17,1,-0.04642653092741966,0.04642653092741966,0.0,0.0,0.0894986018538475,0
17,2,-0.04401613399386406,0.04401613399386406,3.725290298461914e-09,0.0,0.0919475331902504,0
17,3,-0.04401613399386406,0.04401613399386406,3.725290298461914e-09,0.0,0.09419486671686172,0
17,4,-0.04401613399386406,0.04401613399386406,3.725290298461914e-09,0.0,0.09119240194559097,0
17,5,-0.04401613399386406,0.04401613399386406,3.725290298461914e-09,0.0,0.09311441332101822,0
17,6,-0.04401613399386406,0.04401613399386406,3.725290298461914e-09,0.0,0.0888407751917839,0
17,7,-0.04401613399386406,0.04401613399386406,3.725290298461914e-09,0.0,0.089932881295681,0
17,8,-0.04401613399386406,0.04401613399386406,3.725290298461914e-09,0.0,0.09138834476470947,0
17,9,-0.04401613399386406,0.04401613399386406,3.725290298461914e-09,0.0,0.09042220562696457,0
18,0,-0.04401613399386406,0.04401613399386406,3.725290298461914e-09,0.0,0.09262136369943619,0
18,1,-0.04642653092741966,0.04642653092741966,0.0,0.0,0.08828026801347733,0
18,2,-0.04401613399386406,0.04401613399386406,3.725290298461914e-09,0.0,0.09487088769674301,0
18,3,-0.04642653092741966,0.04642653092741966,0.0,0.0,0.088784359395504,0
18,4,-0.04401613399386406,0.04401613399386406,3.725290298461914e-09,0.0,0.09192676097154617,0
18,5,-0.04401613399386406,0.04401613399386406,3.725290298461914e-09,0.0,0.09748546034097672,0
18,6,-0.04401613399386406,0.04401613399386406,3.725290298461914e-09,0.0,0.09159234911203384,0
18,7,-0.04642653092741966,0.04642653092741966,0.0,0.0,0.09100156277418137,0
18,8,-0.04642653092741966,0.04642653092741966,0.0,0.0,0.0925610288977623,0
18,9,-0.04401613399386406,0.04401613399386406,3.725290298461914e-09,0.0,0.09345686435699463,0
19,0,-0.04401613399386406,0.04401613399386406,3.725290298461914e-09,0.0,0.09320039302110672,0
19,1,-0.04642653092741966,0.04642653092741966,0.0,0.0,0.08669369667768478,0
19,2,-0.04401613399386406,0.04401613399386406,3.725290298461914e-09,0.0,0.09142958372831345,0
19,3,-0.04642653092741966,0.04642653092741966,0.0,0.0,0.09066680818796158,0
19,4,-0.04642653092741966,0.04642653092741966,0.0,0.0,0.08800625801086426,0
19,5,-0.04642653092741966,0.04642653092741966,0.0,0.0,0.09179142117500305,0
19,6,-0.04401613399386406,0.04401613399386406,3.725290298461914e-09,0.0,0.09002498537302017,0
19,7,-0.04401613399386406,0.04401613399386406,3.725290298461914e-09,0.0,0.09209118038415909,0
19,8,-0.04642653092741966,0.04642653092741966,0.0,0.0,0.0886259377002716,0
19,9,-0.04401613399386406,0.04401613399386406,3.725290298461914e-09,0.0,0.08969340473413467,0
20,0,-0.04401613399386406,0.04401613399386406,3.725290298461914e-09,0.0,0.0915810838341713,0
20,1,-0.04401613399386406,0.04401613399386406,3.725290298461914e-09,0.0,0.09130620956420898,0
20,2,-0.04401613399386406,0.04401613399386406,3.725290298461914e-09,0.0,0.09550052136182785,0
20,3,-0.04642653092741966,0.04642653092741966,0.0,0.0,0.08834221214056015,0
20,4,-0.04401613399386406,0.04401613399386406,3.725290298461914e-09,0.0,0.09297707676887512,0
20,5,-0.04409768059849739,0.04409768059849739,3.725290298461914e-09,0.0,0.09074223786592484,0
20,6,-0.045579712837934494,0.045579712837934494,3.725290298461914e-09,0.0,0.08206711709499359,0
20,7,-0.04401613399386406,0.04401613399386406,3.725290298461914e-09,0.0,0.09246089309453964,0
20,8,-0.04401613399386406,0.04401613399386406,3.725290298461914e-09,0.0,0.09015712887048721,0
20,9,-0.04401613399386406,0.04401613399386406,3.725290298461914e-09,0.0,0.09254082292318344,0
21,0,-0.04401613399386406,0.04401613399386406,3.725290298461914e-09,0.0,0.09292513132095337,0
21,1,-0.04642653092741966,0.04642653092741966,0.0,0.0,0.08974114805459976,0
21,2,-0.04401613399386406,0.04401613399386406,3.725290298461914e-09,0.0,0.09077224135398865,0
21,3,-0.04401613399386406,0.04401613399386406,3.725290298461914e-09,0.0,0.09550843387842178,0
21,4,-0.04401613399386406,0.04401613399386406,3.725290298461914e-09,0.0,0.0920814499258995,0
21,5,-0.04401613399386406,0.04401613399386406,3.725290298461914e-09,0.0,0.09015921503305435,0
21,6,-0.04401613399386406,0.04401613399386406,3.725290298461914e-09,0.0,0.09214535355567932,0
21,7,-0.04508068040013313,0.04508068040013313,0.0,0.0,0.09368150681257248,0
21,8,-0.044326845556497574,0.044326845556497574,0.0,0.0,0.09165344387292862,0
21,9,-0.04401613399386406,0.04401613399386406,3.725290298461914e-09,0.0,0.09063365310430527,0
22,0,-0.04401613399386406,0.04401613399386406,3.725290298461914e-09,0.0,0.09310987591743469,0
22,1,-0.04642653092741966,0.04642653092741966,0.0,0.0,0.08920451998710632,0
22,2,-0.04642653092741966,0.04642653092741966,0.0,0.0,0.087770976126194,0
22,3,-0.04401613399386406,0.04401613399386406,3.725290298461914e-09,0.0,0.09481815248727798,0
22,4,-0.04401613399386406,0.04401613399386406,3.725290298461914e-09,0.0,0.094719797372818,0
22,5,-0.04642653092741966,0.04642653092741966,0.0,0.0,0.08993659168481827,0
22,6,-0.04401613399386406,0.04401613399386406,3.725290298461914e-09,0.0,0.09178217500448227,0
22,7,-0.04401613399386406,0.04401613399386406,3.725290298461914e-09,0.0,0.09260812401771545,0
22,8,-0.04642653092741966,0.04642653092741966,0.0,0.0,0.08796622604131699,0
22,9,-0.04401613399386406,0.04401613399386406,3.725290298461914e-09,0.0,0.0888352021574974,0
23,0,-0.04401613399386406,0.04401613399386406,3.725290298461914e-09,0.0,0.09426643699407578,0
23,1,-0.04642653092741966,0.04642653092741966,0.0,0.0,0.09019056707620621,0
23,2,-0.04401613399386406,0.04401613399386406,3.725290298461914e-09,0.0,0.09345107525587082,0
23,3,-0.04401613399386406,0.04401613399386406,3.725290298461914e-09,0.0,0.09432337433099747,0
23,4,-0.04642653092741966,0.04642653092741966,0.0,0.0,0.0898982360959053,0
23,5,-0.04401613399386406,0.04401613399386406,3.725290298461914e-09,0.0,0.09499623626470566,0
23,6,-0.04401613399386406,0.04401613399386406,3.725290298461914e-09,0.0,0.09608104825019836,0
23,7,-0.045369844883680344,0.045369844883680344,3.725290298461914e-09,0.0,0.08838972449302673,0
23,8,-0.04401613399386406,0.04401613399386406,3.725290298461914e-09,0.0,0.09196653962135315,0
23,9,-0.04401613399386406,0.04401613399386406,3.725290298461914e-09,0.0,0.09474852681159973,0
24,0,-0.04401613399386406,0.04401613399386406,3.725290298461914e-09,0.0,0.09407011419534683,0
24,1,-0.04405349865555763,0.04405349865555763,0.0,0.0,0.09243299812078476,0
24,2,-0.04401613399386406,0.04401613399386406,3.725290298461914e-09,0.0,0.09443237632513046,0
24,3,-0.04401613399386406,0.04401613399386406,3.725290298461914e-09,0.0,0.09321508556604385,0
24,4,-0.04401613399386406,0.04401613399386406,3.725290298461914e-09,0.0,0.09373688697814941,0
24,5,-0.04401613399386406,0.04401613399386406,3.725290298461914e-09,0.0,0.09314629435539246,0
24,6,-0.04642653092741966,0.04642653092741966,0.0,0.0,0.08824179321527481,0
24,7,-0.04407348856329918,0.04407348856329918,0.0,0.0,0.09144345670938492,0
24,8,-0.04401613399386406,0.04401613399386406,3.725290298461914e-09,0.0,0.09179189056158066,0
24,9,-0.04642653092741966,0.04642653092741966,0.0,0.0,0.08865394443273544,0
