generation,candidate,score,mean_mse,std_mse,mean_energy,is_best
0,0,-0.015412743203341961,0.015412743203341961,4.396055737743154e-05,0.10342308133840561,1
0,1,-0.0154191879555583,0.0154191879555583,1.9605329725891352e-05,0.12309307605028152,1
0,2,-0.01540860254317522,0.01540860254317522,2.1929701688350178e-05,0.08546068519353867,1
0,3,-0.015402515418827534,0.015402515418827534,2.6377103495178744e-05,0.11182045936584473,1
0,4,-0.015422078780829906,0.015422078780829906,3.862722678604769e-06,0.081516794860363,1
0,5,-0.015421775169670582,0.015421775169670582,1.989508564292919e-05,0.10131236910820007,1
0,6,-0.015463422052562237,0.015463422052562237,0.00014169143105391413,0.11745049804449081,1
0,7,-0.019837701693177223,0.019837701693177223,0.0025964914821088314,0.2007974535226822,1
0,8,-0.015449002385139465,0.015449002385139465,3.8032321754144505e-05,0.10017320513725281,1
0,9,-0.015427534468472004,0.015427534468472004,1.0618790838634595e-05,0.09769029170274734,1
0,10,-0.0154471630230546,0.0154471630230546,1.6910793419810943e-05,0.0694444328546524,1
0,11,-0.015419703908264637,0.015419703908264637,1.6962507288553752e-05,0.10717365145683289,1
1,0,-0.015414032153785229,0.015414032153785229,2.487731762812473e-05,0.09989847987890244,0
1,1,-0.01542647648602724,0.01542647648602724,8.850312951835804e-06,0.0694444328546524,0
1,2,-0.015417829155921936,0.015417829155921936,2.238694651168771e-05,0.1058822050690651,0
1,3,-0.01543674897402525,0.01543674897402525,1.919995884236414e-05,0.08130341023206711,0
1,4,-0.015431341715157032,0.015431341715157032,2.636175850057043e-05,0.09197530895471573,0
1,5,-0.015452424995601177,0.015452424995601177,4.6685265260748565e-05,0.10323473811149597,0
1,6,-0.015561905689537525,0.015561905689537525,0.00012188332038931549,0.12094374746084213,0
1,7,-0.015435274690389633,0.015435274690389633,1.4223194739315659e-05,0.08472160249948502,0
1,8,-0.01543139386922121,0.01543139386922121,1.958972825377714e-05,0.10721022635698318,0
1,9,-0.015476363711059093,0.015476363711059093,0.00010810681123984978,0.10813038796186447,0
1,10,-0.015438809059560299,0.015438809059560299,2.4333536202902906e-05,0.0694444328546524,0
1,11,-0.015521756373345852,0.015521756373345852,5.932390195084736e-06,0.09928718209266663,0
2,0,-0.015434366650879383,0.015434366650879383,1.8619164620758966e-05,0.09985319525003433,0
2,1,-0.015417703427374363,0.015417703427374363,2.1949972506263293e-05,0.10322681069374084,0
2,2,-0.015432332642376423,0.015432332642376423,1.3466233212966472e-05,0.0694444328546524,0
2,3,-0.11675635725259781,0.11675635725259781,0.014386373572051525,0.20590651035308838,0
2,4,-0.015426131896674633,0.015426131896674633,2.04892367037246e-05,0.0694444328546524,0
2,5,-0.015439681708812714,0.015439681708812714,1.7461728930356912e-05,0.09378763288259506,0
2,6,-0.01541941612958908,0.01541941612958908,2.263946043967735e-05,0.08991899341344833,0
2,7,-0.015428013168275356,0.015428013168275356,1.1093258763139602e-05,0.0694444328546524,0
2,8,-0.015421408228576183,0.015421408228576183,1.3274549019115511e-05,0.10801428556442261,0
2,9,-0.015435888431966305,0.015435888431966305,2.4665558157721534e-05,0.08864164352416992,0
2,10,-0.015448520891368389,0.015448520891368389,2.0375851818243973e-05,0.10735180228948593,0
2,11,-0.015447172336280346,0.015447172336280346,1.6910318663576618e-05,0.0694444328546524,0
3,0,-0.01542995497584343,0.01542995497584343,1.0276286047883332e-05,0.0976431593298912,0
3,1,-0.015424861572682858,0.015424861572682858,2.3493474145652726e-05,0.08147694915533066,0
3,2,-0.015477821230888367,0.015477821230888367,0.00018571157124824822,0.14730922877788544,0
3,3,-0.015417003072798252,0.015417003072798252,1.984261689358391e-05,0.11897802352905273,0
3,4,-0.01542181521654129,0.01542181521654129,2.0013620087411255e-05,0.11292490363121033,0
3,5,-0.015434719622135162,0.015434719622135162,1.2900341062049847e-05,0.09788483381271362,0
3,6,-0.015409894287586212,0.015409894287586212,1.677193540672306e-05,0.08233717083930969,0
3,7,-0.015435268171131611,0.015435268171131611,1.735011574055534e-05,0.10473782569169998,0
3,8,-0.015425858087837696,0.015425858087837696,2.06565746339038e-05,0.08977264165878296,0
3,9,-0.01543199922889471,0.01543199922889471,1.2372692253848072e-05,0.09858068078756332,0
3,10,-0.015432794578373432,0.015432794578373432,1.3394621419138275e-05,0.10444433242082596,0
3,11,-0.015428245067596436,0.015428245067596436,1.0318332897440996e-05,0.0694444328546524,0
4,0,-0.01672591082751751,0.01672591082751751,0.0006266986019909382,0.1207813024520874,0
4,1,-0.01562412828207016,0.01562412828207016,6.434090755647048e-05,0.12810300290584564,0
4,2,-0.015409695915877819,0.015409695915877819,2.4914348614402115e-05,0.09537879377603531,0
4,3,-0.019490065053105354,0.019490065053105354,0.0012767404550686479,0.1496787667274475,0
4,4,-0.015440352261066437,0.015440352261066437,1.7306960216956213e-05,0.09454552084207535,0
4,5,-0.015421871095895767,0.015421871095895767,2.2491392883239314e-05,0.11980976909399033,0
4,6,-0.01547982543706894,0.01547982543706894,5.866415813216008e-05,0.09380690008401871,0
4,7,-0.015432166866958141,0.015432166866958141,1.741829328238964e-05,0.10563766956329346,0
4,8,-0.02831670455634594,0.02831670455634594,0.00424092635512352,0.1422693282365799,0
4,9,-0.015434273518621922,0.015434273518621922,1.2342675290710758e-05,0.1066933199763298,0
4,10,-0.015423965640366077,0.015423965640366077,5.166070423001656e-06,0.116812564432621,0
4,11,-0.015442285686731339,0.015442285686731339,1.783208062988706e-05,0.09377863258123398,0
5,0,-0.015432278625667095,0.015432278625667095,1.8171738702221774e-05,0.11066456884145737,0
5,1,-0.016651609912514687,0.016651609912514687,0.0002731174463406205,0.11871584504842758,0
5,2,-0.015507321804761887,0.015507321804761887,0.00012469351349864155,0.13338026404380798,0
5,3,-0.015521440654993057,0.015521440654993057,0.00013893401774112135,0.1120714321732521,0
5,4,-0.01542229950428009,0.01542229950428009,3.070262755500153e-05,0.08805090188980103,0
5,5,-0.015522107481956482,0.015522107481956482,7.583539991173893e-05,0.10232290625572205,0
5,6,-0.015506529249250889,0.015506529249250889,9.795186997507699e-06,0.10508956760168076,0
5,7,-0.015430335886776447,0.015430335886776447,1.1220486157981213e-05,0.10350819677114487,0
5,8,-0.015425409190356731,0.015425409190356731,7.021211786195636e-06,0.11736810207366943,0
5,9,-0.06661494821310043,0.06661494821310043,0.006165775004774332,0.27727010846138,0
5,10,-0.0484815388917923,0.0484815388917923,0.006148080341517925,0.17939305305480957,0
5,11,-0.015432733111083508,0.015432733111083508,1.362509465252515e-05,0.0694444328546524,0
6,0,-0.015434193424880505,0.015434193424880505,1.1438442015787587e-05,0.10382995009422302,0
6,1,-0.015439602546393871,0.015439602546393871,1.7475207641837187e-05,0.09834128618240356,0
6,2,-0.019496867433190346,0.019496867433190346,0.0023476923815906048,0.135126993060112,0
6,3,-0.015420772135257721,0.015420772135257721,2.0491792383836582e-05,0.0694444328546524,0
6,4,-0.015431693755090237,0.015431693755090237,9.631183274905197e-06,0.0951894149184227,0
6,5,-0.015528474934399128,0.015528474934399128,4.633034041034989e-05,0.11665479093790054,0
6,6,-0.015416935086250305,0.015416935086250305,0.0001004773293971084,0.10556257516145706,0
6,7,-0.015456982888281345,0.015456982888281345,4.911340511171147e-05,0.09930422902107239,0
6,8,-0.015437252819538116,0.015437252819538116,1.5588058886351064e-05,0.09135820716619492,0
6,9,-0.015433256514370441,0.015433256514370441,2.6485920898267068e-05,0.10245659202337265,0
6,10,-0.015443972311913967,0.015443972311913967,0.0002524309966247529,0.11455569416284561,0
6,11,-0.015435119159519672,0.015435119159519672,1.74432043422712e-05,0.09074360132217407,0
7,0,-0.015418126247823238,0.015418126247823238,4.153150075580925e-05,0.09335989505052567,0
7,1,-0.01542248297482729,0.01542248297482729,2.2710390112479217e-05,0.08925101906061172,0
7,2,-0.015469036996364594,0.015469036996364594,2.647306610015221e-05,0.10042762011289597,0
7,3,-0.01542995497584343,0.01542995497584343,1.9390648958506063e-05,0.09325027465820312,0
7,4,-0.015420980751514435,0.015420980751514435,3.987545278505422e-05,0.10017669200897217,0
7,5,-0.015438961796462536,0.015438961796462536,2.3427743144566193e-05,0.08344680070877075,0
7,6,-0.015437533147633076,0.015437533147633076,4.4002481445204467e-05,0.09289319068193436,0
7,7,-0.015425828285515308,0.015425828285515308,8.192214409064036e-06,0.09471114724874496,0
7,8,-0.015422593802213669,0.015422593802213669,2.2599393560085446e-05,0.0694444328546524,0
7,9,-0.01542398240417242,0.01542398240417242,2.1806519725942053e-05,0.0694444328546524,0
7,10,-0.01542024314403534,0.01542024314403534,2.0024679542984813e-05,0.08693313598632812,0
7,11,-0.015427456237375736,0.015427456237375736,2.3989914552657865e-05,0.08424624055624008,0
8,0,-0.015402995981276035,0.015402995981276035,6.144512735772878e-05,0.09430526942014694,0
8,1,-0.015436830930411816,0.015436830930411816,6.253140600165352e-05,0.10348483920097351,0
8,2,-0.015427112579345703,0.015427112579345703,8.56562201079214e-06,0.0694444328546524,0
8,3,-0.015474398620426655,0.015474398620426655,0.00013343652244657278,0.10314814001321793,0
8,4,-0.015517115592956543,0.015517115592956543,3.253840623074211e-05,0.09391997009515762,0
8,5,-0.015436309389770031,0.015436309389770031,4.110543159185909e-05,0.09502498060464859,0
8,6,-0.015434489585459232,0.015434489585459232,1.371693542751018e-05,0.09129361063241959,0
8,7,-0.01541950274258852,0.01541950274258852,1.6570196748944e-05,0.0913887619972229,0
8,8,-0.01639162190258503,0.01639162190258503,0.0002581824082881212,0.11720822006464005,0
8,9,-0.01541776955127716,0.01541776955127716,2.0331124687800184e-05,0.08258321136236191,0
8,10,-0.015422980301082134,0.015422980301082134,6.996788215474226e-06,0.08524411171674728,0
8,11,-0.01545222569257021,0.01545222569257021,2.087024950014893e-05,0.09920692443847656,0
9,0,-0.015423331409692764,0.015423331409692764,2.430475979053881e-05,0.09168068319559097,0
9,1,-0.015416275709867477,0.015416275709867477,2.091573151119519e-05,0.08826983720064163,0
9,2,-0.015436604619026184,0.015436604619026184,1.627018536964897e-05,0.0694444328546524,0
9,3,-0.015443533658981323,0.015443533658981323,1.9674344002851285e-05,0.0933573842048645,0
9,4,-0.015402824617922306,0.015402824617922306,6.391543138306588e-05,0.0983419343829155,0
9,5,-0.01541830226778984,0.01541830226778984,2.1168491002754308e-05,0.09753676503896713,0
9,6,-0.0154334157705307,0.0154334157705307,2.4645583835081197e-05,0.08839984983205795,0
9,7,-0.015444058924913406,0.015444058924913406,2.0682911781477742e-05,0.09085523337125778,0
9,8,-0.01542659942060709,0.01542659942060709,8.962828360381536e-06,0.08567681163549423,0
9,9,-0.01542739849537611,0.01542739849537611,2.307703107362613e-05,0.1015424132347107,0
9,10,-0.015439912676811218,0.015439912676811218,2.3879760192357935e-05,0.0921594426035881,0
9,11,-0.015427258796989918,0.015427258796989918,3.7717129544034833e-06,0.09189212322235107,0
10,0,-0.01542364526540041,0.01542364526540041,2.345536631764844e-05,0.09561789035797119,0
10,1,-0.015417877584695816,0.015417877584695816,2.0919818780384958e-05,0.0694444328546524,0
10,2,-0.015432310290634632,0.015432310290634632,1.7747148376656696e-05,0.11759662628173828,0
10,3,-0.01541790273040533,0.01541790273040533,2.1233401639619842e-05,0.10858742147684097,0
10,4,-0.01543464045971632,0.01543464045971632,1.2348824384389445e-05,0.08861304074525833,0
10,5,-0.015437762252986431,0.015437762252986431,1.5729881852166727e-05,0.0694444328546524,0
10,6,-0.015409491956233978,0.015409491956233978,4.109450674150139e-05,0.11074835062026978,0
10,7,-0.015492484904825687,0.015492484904825687,5.7408702559769154e-05,0.11099468916654587,0
10,8,-0.015435151755809784,0.015435151755809784,1.4781118807150051e-05,0.0694444328546524,0
10,9,-0.01542047131806612,0.01542047131806612,3.995158840552904e-05,0.09672360867261887,0
10,10,-0.01541175227612257,0.01541175227612257,6.79780132486485e-05,0.10101190209388733,0
10,11,-0.015439778566360474,0.015439778566360474,2.3913531549624167e-05,0.09994105249643326,0
11,0,-0.01543143019080162,0.01543143019080162,1.8280934455106035e-05,0.08027774840593338,0
11,1,-0.015431682579219341,0.015431682579219341,9.67768210102804e-06,0.07480408996343613,0
11,2,-0.01541865523904562,0.01541865523904562,2.0737788872793317e-05,0.0694444328546524,0
11,3,-0.015415161848068237,0.015415161848068237,2.097907599818427e-05,0.0887303575873375,0
11,4,-0.015427549369633198,0.015427549369633198,1.957487256731838e-05,0.0694444328546524,0
11,5,-0.015436019748449326,0.015436019748449326,1.687691838014871e-05,0.0694444328546524,0
11,6,-0.01540959533303976,0.01540959533303976,2.8155049221822992e-05,0.10113179683685303,0
11,7,-0.015417847782373428,0.015417847782373428,2.035896250163205e-05,0.0694444328546524,0
11,8,-0.01542592328041792,0.01542592328041792,8.593012353230733e-06,0.09633523225784302,0
11,9,-0.015443327836692333,0.015443327836692333,2.2809179426985793e-05,0.0694444328546524,0
11,10,-0.015422548167407513,0.015422548167407513,2.2971189537202008e-05,0.0694444328546524,0
11,11,-0.015433196909725666,0.015433196909725666,1.8915399778052233e-05,0.09669486433267593,0
12,0,-0.015414029359817505,0.015414029359817505,1.692667865427211e-05,0.09938665479421616,0
12,1,-0.015435603447258472,0.015435603447258472,1.8117587387678213e-05,0.0694444328546524,0
12,2,-0.015432282350957394,0.015432282350957394,1.954284743987955e-05,0.10444743186235428,0
12,3,-0.015546486712992191,0.015546486712992191,5.709017568733543e-05,0.11111892014741898,0
12,4,-0.015417796559631824,0.015417796559631824,2.2359919967129827e-05,0.09424323588609695,0
12,5,-0.015439714305102825,0.015439714305102825,1.7455924535170197e-05,0.0694444328546524,0
12,6,-0.015418477356433868,0.015418477356433868,2.2013953639543615e-05,0.0694444328546524,0
12,7,-0.015417112968862057,0.015417112968862057,2.038798811554443e-05,0.0694444328546524,0
12,8,-0.015443605370819569,0.015443605370819569,1.961460839083884e-05,0.0694444328546524,0
12,9,-0.015428222715854645,0.015428222715854645,1.9905688532162458e-05,0.0694444328546524,0
12,10,-0.015426120720803738,0.015426120720803738,1.0314392056898214e-05,0.0694444328546524,0
12,11,-0.015421985648572445,0.015421985648572445,1.994006015593186e-05,0.0694444328546524,0
13,0,-0.015418085269629955,0.015418085269629955,2.1465450117830187e-05,0.0694444328546524,0
13,1,-0.01541851181536913,0.01541851181536913,2.132277950295247e-05,0.09166909009218216,0
13,2,-0.015435994602739811,0.015435994602739811,1.5111426364455838e-05,0.0694444328546524,0
13,3,-0.015415390022099018,0.015415390022099018,1.7444175682612695e-05,0.09363427013158798,0
13,4,-0.015424840152263641,0.015424840152263641,2.0408873751875944e-05,0.0904366746544838,0
13,5,-0.015419647097587585,0.015419647097587585,2.0664323528762907e-05,0.0694444328546524,0
13,6,-0.015425913035869598,0.015425913035869598,2.3868084099376574e-05,0.0694444328546524,0
13,7,-0.015446178615093231,0.015446178615093231,1.6857211448950693e-05,0.0694444328546524,0
13,8,-0.015427075326442719,0.015427075326442719,1.9650648027891293e-05,0.0694444328546524,0
13,9,-0.015443711541593075,0.015443711541593075,1.8806780644808896e-05,0.0694444328546524,0
13,10,-0.015417825430631638,0.015417825430631638,2.0808325643884018e-05,0.0694444328546524,0
13,11,-0.015444624237716198,0.015444624237716198,2.0694480554084294e-05,0.06957429647445679,0
14,0,-0.015417863614857197,0.015417863614857197,2.2362992240232415e-05,0.0694444328546524,0
14,1,-0.015421196818351746,0.015421196818351746,2.0239987861714326e-05,0.08465006202459335,0
14,2,-0.015406176447868347,0.015406176447868347,2.2919079128769226e-05,0.11033177375793457,0
14,3,-0.015417716465890408,0.015417716465890408,2.1301399101503193e-05,0.1067487969994545,0
14,4,-0.015410625375807285,0.015410625375807285,4.0359111153520644e-05,0.10110843181610107,0
14,5,-0.015409843064844608,0.015409843064844608,2.6625026293913834e-05,0.09309916943311691,0
14,6,-0.015437210910022259,0.015437210910022259,1.6096822946565226e-05,0.0694444328546524,0
14,7,-0.015426497906446457,0.015426497906446457,1.6112619050545618e-05,0.08485633134841919,0
14,8,-0.01541081815958023,0.01541081815958023,4.1528925066813827e-05,0.09914121776819229,0
14,9,-0.015439714305102825,0.015439714305102825,1.7455924535170197e-05,0.0694444328546524,0
14,10,-0.015427147038280964,0.015427147038280964,1.951191370608285e-05,0.1021374836564064,0
14,11,-0.015435077250003815,0.015435077250003815,2.4522158128092997e-05,0.0694444328546524,0
15,0,-0.015404204837977886,0.015404204837977886,3.754001227207482e-05,0.10374905914068222,0
15,1,-0.015427875332534313,0.015427875332534313,2.0012008462799713e-05,0.0694444328546524,0
15,2,-0.015486187301576138,0.015486187301576138,4.54540568171069e-05,0.11961055546998978,0
15,3,-0.015434631146490574,0.015434631146490574,1.2359698303043842e-05,0.08769791573286057,0
15,4,-0.015428155660629272,0.015428155660629272,2.4024433514568955e-05,0.1138019859790802,0
15,5,-0.015704339370131493,0.015704339370131493,0.00010066883260151371,0.11711722612380981,0
15,6,-0.01542776171118021,0.01542776171118021,1.9995348338852637e-05,0.08802013844251633,0
15,7,-0.015444066375494003,0.015444066375494003,2.2185491616255604e-05,0.0694444328546524,0
15,8,-0.0154262138530612,0.0154262138530612,1.943552888405975e-05,0.08496049791574478,0
15,9,-0.01541119534522295,0.01541119534522295,1.669073390075937e-05,0.09665436297655106,0
15,10,-0.015419408679008484,0.015419408679008484,2.262453199364245e-05,0.0694444328546524,0
15,11,-0.015665236860513687,0.015665236860513687,4.056985926581547e-05,0.12625961005687714,0
16,0,-0.015411361120641232,0.015411361120641232,1.6437355952803046e-05,0.08929994702339172,0
16,1,-0.015417774207890034,0.015417774207890034,2.055392906186171e-05,0.07555540651082993,0
16,2,-0.015430829487740993,0.015430829487740993,1.187389534607064e-05,0.0694444328546524,0
16,3,-0.015520229004323483,0.015520229004323483,4.7985540732042864e-05,0.1053788885474205,0
16,4,-0.015426085330545902,0.015426085330545902,2.0210956790833734e-05,0.09702879935503006,0
16,5,-0.015420862473547459,0.015420862473547459,2.0454124751267955e-05,0.0694444328546524,0
16,6,-0.015427802689373493,0.015427802689373493,1.9693581634783186e-05,0.0694444328546524,0
16,7,-0.015425074845552444,0.015425074845552444,2.367079650866799e-05,0.1052270159125328,0
16,8,-0.015430106781423092,0.015430106781423092,1.9628650989034213e-05,0.0694444328546524,0
16,9,-0.015417326241731644,0.015417326241731644,2.0269239030312747e-05,0.11197946220636368,0
16,10,-0.015415380708873272,0.015415380708873272,3.0253635486587882e-05,0.09698736667633057,0
16,11,-0.015411111526191235,0.015411111526191235,1.655702362768352e-05,0.09041250497102737,0
17,0,-0.01540758740156889,0.01540758740156889,3.3328644349239767e-05,0.10056843608617783,0
17,1,-0.015418256632983685,0.015418256632983685,2.1124489649082534e-05,0.09048082679510117,0
17,2,-0.015416674315929413,0.015416674315929413,3.690676385303959e-05,0.10440242290496826,0
17,3,-0.015444335527718067,0.015444335527718067,2.2361222363542765e-05,0.0694444328546524,0
17,4,-0.015413680113852024,0.015413680113852024,3.561400808393955e-05,0.10407204180955887,0
17,5,-0.015418943017721176,0.015418943017721176,2.0685785784735344e-05,0.0694444328546524,0
17,6,-0.01543424278497696,0.01543424278497696,1.244975283043459e-05,0.0694444328546524,0
17,7,-0.01547494437545538,0.01547494437545538,9.417666296940297e-05,0.1052786111831665,0
17,8,-0.015410604886710644,0.015410604886710644,3.536292933858931e-05,0.10077524185180664,0
17,9,-0.015476035885512829,0.015476035885512829,6.263993418542668e-05,0.11295733600854874,0
17,10,-0.015419467352330685,0.015419467352330685,2.2537587938131765e-05,0.10285717248916626,0
17,11,-0.015429583378136158,0.015429583378136158,1.042076837620698e-05,0.0694444328546524,0
18,0,-0.015420068055391312,0.015420068055391312,2.3278571461560205e-05,0.10465550422668457,0
18,1,-0.015431170351803303,0.015431170351803303,2.7989375666948035e-05,0.0884711965918541,0
18,2,-0.015435493551194668,0.015435493551194668,2.4668988771736622e-05,0.09963981062173843,0
18,3,-0.01577346958220005,0.01577346958220005,0.00012345470895525068,0.1156526505947113,0
18,4,-0.015426463447511196,0.015426463447511196,1.010973755910527e-05,0.09983280301094055,0
18,5,-0.01541233528405428,0.01541233528405428,2.4024580852710642e-05,0.09862387925386429,0
18,6,-0.015432998538017273,0.015432998538017273,1.862796489149332e-05,0.09827334433794022,0
18,7,-0.015438176691532135,0.015438176691532135,3.34129981638398e-05,0.1040925458073616,0
18,8,-0.015662258490920067,0.015662258490920067,0.0001744315813994035,0.10309746116399765,0
18,9,-0.015452808700501919,0.015452808700501919,3.230561560485512e-05,0.0975574254989624,0
18,10,-0.015436847694218159,0.015436847694218159,2.9570370315923356e-05,0.09144257754087448,0
18,11,-0.01543054822832346,0.01543054822832346,8.724353392608464e-06,0.10715067386627197,0
19,0,-0.015435047447681427,0.015435047447681427,1.851268098107539e-05,0.10219254344701767,0
19,1,-0.01543727982789278,0.01543727982789278,1.5963943951646797e-05,0.09198614954948425,0
19,2,-0.01541872788220644,0.01541872788220644,2.1553949409280904e-05,0.10221520066261292,0
19,3,-0.015415952540934086,0.015415952540934086,3.8059341022744775e-05,0.09704693406820297,0
19,4,-0.015437415800988674,0.015437415800988674,1.5195901141851209e-05,0.10952036827802658,0
19,5,-0.015427809208631516,0.015427809208631516,1.991438512050081e-05,0.0805031955242157,0
19,6,-0.015434842556715012,0.015434842556715012,1.4112540156929754e-05,0.10271358489990234,0
19,7,-0.015445735305547714,0.015445735305547714,2.319502345926594e-05,0.10713231563568115,0
19,8,-0.01541710365563631,0.01541710365563631,2.1947218556306325e-05,0.10195839405059814,0
19,9,-0.015432488173246384,0.015432488173246384,1.3331301488506142e-05,0.10248545557260513,0
19,10,-0.015410014428198338,0.015410014428198338,3.58870966010727e-05,0.09395629912614822,0
19,11,-0.01543507631868124,0.01543507631868124,1.3892504284740426e-05,0.0694444328546524,0
20,0,-0.015412564389407635,0.015412564389407635,4.898514089290984e-05,0.10051042586565018,0
20,1,-0.01541485358029604,0.01541485358029604,5.617251736111939e-05,0.10084989666938782,0
20,2,-0.015417111106216908,0.015417111106216908,4.980459198122844e-05,0.09857700020074844,0
20,3,-0.015426293015480042,0.015426293015480042,8.007471478777006e-06,0.10412999987602234,0
20,4,-0.01539893914014101,0.01539893914014101,0.00010279892012476921,0.09827049821615219,1
20,5,-0.015415136702358723,0.015415136702358723,3.991247285739519e-05,0.096297986805439,0
20,6,-0.015408913604915142,0.015408913604915142,5.0038630433846265e-05,0.10285428911447525,0
20,7,-0.015436637215316296,0.015436637215316296,1.4101322449278086e-05,0.10876721143722534,0
20,8,-0.015418104827404022,0.015418104827404022,6.743746052961797e-05,0.09831056743860245,0
20,9,-0.015411417931318283,0.015411417931318283,4.389763853396289e-05,0.09653844684362411,0
20,10,-0.015424220822751522,0.015424220822751522,1.2699208127742168e-05,0.09393260627985,0
20,11,-0.015434588305652142,0.015434588305652142,1.2973197954124771e-05,0.10988425463438034,0
21,0,-0.015420389361679554,0.015420389361679554,3.9973219827516004e-05,0.10143604129552841,0
21,1,-0.015419776551425457,0.015419776551425457,2.064930049527902e-05,0.09068088978528976,0
21,2,-0.015425694175064564,0.015425694175064564,1.0206260412815027e-05,0.0694444328546524,0
21,3,-0.015436980873346329,0.015436980873346329,1.508194600319257e-05,0.09741514176130295,0
21,4,-0.015425629913806915,0.015425629913806915,8.656668796902522e-06,0.09863308817148209,0
21,5,-0.015416228212416172,0.015416228212416172,2.68786316155456e-05,0.08736350387334824,0
21,6,-0.01542570162564516,0.01542570162564516,8.701747901795898e-06,0.0960518941283226,0
21,7,-0.0154339000582695,0.0154339000582695,1.2326674550422467e-05,0.09822336584329605,0
21,8,-0.01541246846318245,0.01541246846318245,1.7239999579032883e-05,0.08494704961776733,0
21,9,-0.015423876233398914,0.015423876233398914,1.88406393135665e-05,0.07515015453100204,0
21,10,-0.015444111078977585,0.015444111078977585,3.11317817249801e-05,0.1023576632142067,0
21,11,-0.015420795418322086,0.015420795418322086,2.0059649614267983e-05,0.10054755210876465,0
22,0,-0.015422933734953403,0.015422933734953403,2.3191041691461578e-05,0.08816971629858017,0
22,1,-0.015432850457727909,0.015432850457727909,1.858771065599285e-05,0.08930549770593643,0
22,2,-0.01541341096162796,0.01541341096162796,3.4392862289678305e-05,0.08736246079206467,0
22,3,-0.015422583557665348,0.015422583557665348,2.2867408915772103e-05,0.0694444328546524,0
22,4,-0.015427589416503906,0.015427589416503906,2.044390384980943e-05,0.08857031911611557,0
22,5,-0.015438568778336048,0.015438568778336048,2.831596248142887e-05,0.09070085734128952,0
22,6,-0.015425299294292927,0.015425299294292927,2.0599865820258856e-05,0.0929211899638176,0
22,7,-0.015437677502632141,0.015437677502632141,1.5307330613723025e-05,0.09559562057256699,0
22,8,-0.015425530262291431,0.015425530262291431,2.7147749278810807e-05,0.08704715222120285,0
22,9,-0.015418183989822865,0.015418183989822865,3.4394215617794544e-05,0.09428761154413223,0
22,10,-0.015407132916152477,0.015407132916152477,4.244719093549065e-05,0.10033425688743591,0
22,11,-0.015403207391500473,0.015403207391500473,3.6633249692386016e-05,0.09582974761724472,0
23,0,-0.01540581975132227,0.01540581975132227,4.1849682020256296e-05,0.09580659121274948,0
23,1,-0.015421717427670956,0.015421717427670956,2.2519874619320035e-05,0.08939961344003677,0
23,2,-0.015417669899761677,0.015417669899761677,2.8544132874230854e-05,0.09599278122186661,0
23,3,-0.01541946455836296,0.01541946455836296,2.158197276003193e-05,0.09393918514251709,0
23,4,-0.01540779322385788,0.01540779322385788,2.7868669349118136e-05,0.095688097178936,0
23,5,-0.015421626158058643,0.015421626158058643,2.0058634618180804e-05,0.09039191156625748,0
23,6,-0.015416945330798626,0.015416945330798626,4.0491067920811474e-05,0.0931815505027771,0
23,7,-0.01541850995272398,0.01541850995272398,4.0792783693177626e-05,0.09749016910791397,0
23,8,-0.015431158244609833,0.015431158244609833,1.9754817913053557e-05,0.09604823589324951,0
23,9,-0.015426836907863617,0.015426836907863617,1.9855962818837725e-05,0.10125795751810074,0
23,10,-0.015418265014886856,0.015418265014886856,4.539485235000029e-05,0.09314063936471939,0
23,11,-0.015409761108458042,0.015409761108458042,2.7843245334224775e-05,0.09355521202087402,0
24,0,-0.015403296798467636,0.015403296798467636,3.607927283155732e-05,0.09676200151443481,0
24,1,-0.01542724296450615,0.01542724296450615,4.223152427584864e-05,0.10065028071403503,0
24,2,-0.01540934294462204,0.01540934294462204,2.328234950255137e-05,0.09017940610647202,0
24,3,-0.015424911864101887,0.015424911864101887,2.0703299014712684e-05,0.0973307266831398,0
24,4,-0.015402956865727901,0.015402956865727901,2.288180257892236e-05,0.09376702457666397,0
24,5,-0.015440166927874088,0.015440166927874088,2.4151810066541657e-05,0.08711352944374084,0
24,6,-0.015425247140228748,0.015425247140228748,1.96733763004886e-05,0.0980762466788292,0
24,7,-0.015436450950801373,0.015436450950801373,1.5867180991335772e-05,0.09767714887857437,0
24,8,-0.015402350574731827,0.015402350574731827,3.430256765568629e-05,0.10016477108001709,0
24,9,-0.0154217928647995,0.0154217928647995,1.992569559661206e-05,0.09260854870080948,0
24,10,-0.015435476787388325,0.015435476787388325,2.460732684994582e-05,0.08519953489303589,0
24,11,-0.01542759034782648,0.01542759034782648,1.9720046111615375e-05,0.09673568606376648,0
